{
  "project_info": {
    "project_number": "368144185466",
    "project_id": "bloodbank-e3d76",
    "storage_bucket": "bloodbank-e3d76.appspot.com"
  },
  "client": [
    {
      "client_info": {
        "mobilesdk_app_id": "1:368144185466:android:8c0f8b9b5b82679cdda3c3",
        "android_client_info": {
          "package_name": "com.example.bloodbank"
        }
      },
      "oauth_client": [
        {
          "client_id": "368144185466-3a8rj7nn29ovhc46no1skqhies6ijpqr.apps.googleusercontent.com",
          "client_type": 3
        }
      ],
      "api_key": [
        {
          "current_key": "AIzaSyCfMqphMM538FMPYX0i4oX0YLvpaG8TMe4"
        }
      ],
      "services": {
        "appinvite_service": {
          "other_platform_oauth_client": [
            {
              "client_id": "368144185466-3a8rj7nn29ovhc46no1skqhies6ijpqr.apps.googleusercontent.com",
              "client_type": 3
            }
          ]
        }
      }
    }
  ],
  "configuration_version": "1"
}