{
    "logs": [
        {
            "outputFile": "C:\\Users\\Talha Siraj\\Videos\\Maad_Project\\app\\build\\intermediates\\incremental\\mergeDebugResources\\merged.dir\\values-hdpi-v4\\values-hdpi-v4.xml",
            "map": [
                {
                    "source": "C:\\Users\\Talha Siraj\\.gradle\\caches\\transforms-2\\files-2.1\\59d9fd420477718d1f67d1b4296e9cae\\res\\values-hdpi-v4\\values-hdpi-v4.xml",
                    "from": {
                        "startLines": "2",
                        "startColumns": "4",
                        "startOffsets": "55",
                        "endLines": "6",
                        "endColumns": "13",
                        "endOffsets": "327"
                    }
                }
            ]
        }
    ]
}