{
    "logs": [
        {
            "outputFile": "C:\\Users\\Talha Siraj\\Videos\\Maad_Project\\app\\build\\intermediates\\incremental\\mergeDebugResources\\merged.dir\\values-watch-v20\\values-watch-v20.xml",
            "map": [
                {
                    "source": "C:\\Users\\Talha Siraj\\.gradle\\caches\\transforms-2\\files-2.1\\59d9fd420477718d1f67d1b4296e9cae\\res\\values-watch-v20\\values-watch-v20.xml",
                    "from": {
                        "startLines": "2,5,8",
                        "startColumns": "4,4,4",
                        "startOffsets": "55,214,385",
                        "endLines": "4,7,10",
                        "endColumns": "12,12,12",
                        "endOffsets": "209,380,553"
                    }
                }
            ]
        }
    ]
}