{
    "logs": [
        {
            "outputFile": "C:\\Users\\Talha Siraj\\Videos\\Maad_Project\\app\\build\\intermediates\\incremental\\mergeDebugResources\\merged.dir\\values-v22\\values-v22.xml",
            "map": [
                {
                    "source": "C:\\Users\\Talha Siraj\\.gradle\\caches\\transforms-2\\files-2.1\\59d9fd420477718d1f67d1b4296e9cae\\res\\values-v22\\values-v22.xml",
                    "from": {
                        "startLines": "2,3,4,9",
                        "startColumns": "4,4,4,4",
                        "startOffsets": "55,130,217,553",
                        "endLines": "2,3,8,13",
                        "endColumns": "74,86,12,12",
                        "endOffsets": "125,212,548,896"
                    }
                }
            ]
        }
    ]
}