{
    "logs": [
        {
            "outputFile": "C:\\Users\\Talha Siraj\\Videos\\Maad_Project\\app\\build\\intermediates\\incremental\\mergeDebugResources\\merged.dir\\values-kk\\values-kk.xml",
            "map": [
                {
                    "source": "C:\\Users\\Talha Siraj\\.gradle\\caches\\transforms-2\\files-2.1\\59d9fd420477718d1f67d1b4296e9cae\\res\\values-kk\\values-kk.xml",
                    "from": {
                        "startLines": "2,3,4,5,6,7,8,9,10,11,12,13,14,15,16,17,18,19,20,21,22,23,24,25,26,27,28,29",
                        "startColumns": "4,4,4,4,4,4,4,4,4,4,4,4,4,4,4,4,4,4,4,4,4,4,4,4,4,4,4,4",
                        "startOffsets": "105,217,320,430,515,621,740,821,901,992,1085,1181,1275,1376,1469,1564,1661,1752,1844,1925,2028,2133,2231,2338,2447,2547,2713,2812",
                        "endColumns": "111,102,109,84,105,118,80,79,90,92,95,93,100,92,94,96,90,91,80,102,104,97,106,108,99,165,98,80",
                        "endOffsets": "212,315,425,510,616,735,816,896,987,1080,1176,1270,1371,1464,1559,1656,1747,1839,1920,2023,2128,2226,2333,2442,2542,2708,2807,2888"
                    }
                },
                {
                    "source": "C:\\Users\\Talha Siraj\\.gradle\\caches\\transforms-2\\files-2.1\\f1ab5eb1bfc4792ab5af3a3de235c540\\res\\values-kk\\values-kk.xml",
                    "from": {
                        "startLines": "2",
                        "startColumns": "4",
                        "startOffsets": "55",
                        "endColumns": "100",
                        "endOffsets": "151"
                    },
                    "to": {
                        "startLines": "30",
                        "startColumns": "4",
                        "startOffsets": "2893",
                        "endColumns": "100",
                        "endOffsets": "2989"
                    }
                }
            ]
        }
    ]
}